bag_id,instance_id,bag_label,cell_type,driver_true,attention
bag_000,bag_000_instance_000,1,myeloid,0,0.021767935
bag_000,bag_000_instance_001,1,T,0,0.025230205
bag_000,bag_000_instance_002,1,B,1,0.04733304
bag_000,bag_000_instance_003,1,B,0,0.019952893
bag_000,bag_000_instance_004,1,B,0,0.022694582
bag_000,bag_000_instance_005,1,myeloid,0,0.019210551
bag_000,bag_000_instance_006,1,B,0,0.02459347
bag_000,bag_000_instance_007,1,myeloid,0,0.022253439
bag_000,bag_000_instance_008,1,T,0,0.023755714
bag_000,bag_000_instance_009,1,T,0,0.023759836
bag_000,bag_000_instance_010,1,myeloid,0,0.020164149
bag_000,bag_000_instance_011,1,T,1,0.033816304
bag_000,bag_000_instance_012,1,T,0,0.023840195
bag_000,bag_000_instance_013,1,myeloid,0,0.019734949
bag_000,bag_000_instance_014,1,myeloid,0,0.021409817
bag_000,bag_000_instance_015,1,T,0,0.022402203
bag_000,bag_000_instance_016,1,myeloid,1,0.038975984
bag_000,bag_000_instance_017,1,B,0,0.021141361
bag_000,bag_000_instance_018,1,B,1,0.046847835
bag_000,bag_000_instance_019,1,T,1,0.03318308
bag_000,bag_000_instance_020,1,B,0,0.027449556
bag_000,bag_000_instance_021,1,myeloid,0,0.022068739
bag_000,bag_000_instance_022,1,myeloid,0,0.027774902
bag_000,bag_000_instance_023,1,T,0,0.020863935
bag_000,bag_000_instance_024,1,B,0,0.025592674
bag_000,bag_000_instance_025,1,T,0,0.016370818
bag_000,bag_000_instance_026,1,B,0,0.020847123
bag_000,bag_000_instance_027,1,T,0,0.02225436
bag_000,bag_000_instance_028,1,myeloid,0,0.0247284
bag_000,bag_000_instance_029,1,myeloid,0,0.021540806
bag_000,bag_000_instance_030,1,T,0,0.025425496
bag_000,bag_000_instance_031,1,myeloid,0,0.030042587
bag_000,bag_000_instance_032,1,T,0,0.026263876
bag_000,bag_000_instance_033,1,T,0,0.022505673
bag_000,bag_000_instance_034,1,T,0,0.02301373
bag_000,bag_000_instance_035,1,T,0,0.023521468
bag_000,bag_000_instance_036,1,B,0,0.023422895
bag_000,bag_000_instance_037,1,T,0,0.02041705
bag_000,bag_000_instance_038,1,myeloid,0,0.022032326
bag_000,bag_000_instance_039,1,B,0,0.021796118
bag_001,bag_001_instance_000,0,myeloid,0,0.02201118
bag_001,bag_001_instance_001,0,T,0,0.02648076
bag_001,bag_001_instance_002,0,T,0,0.023650564
bag_001,bag_001_instance_003,0,T,0,0.02480509
bag_001,bag_001_instance_004,0,T,0,0.021657052
bag_001,bag_001_instance_005,0,T,0,0.026658833
bag_001,bag_001_instance_006,0,B,0,0.03344993
bag_001,bag_001_instance_007,0,B,0,0.022545423
bag_001,bag_001_instance_008,0,myeloid,0,0.022553064
bag_001,bag_001_instance_009,0,myeloid,0,0.022471318
bag_001,bag_001_instance_010,0,T,0,0.02431963
bag_001,bag_001_instance_011,0,T,0,0.020941945
bag_001,bag_001_instance_012,0,B,0,0.024363559
bag_001,bag_001_instance_013,0,B,0,0.02188265
bag_001,bag_001_instance_014,0,T,0,0.026507983
bag_001,bag_001_instance_015,0,B,0,0.027666677
bag_001,bag_001_instance_016,0,B,0,0.03621159
bag_001,bag_001_instance_017,0,B,0,0.02986706
bag_001,bag_001_instance_018,0,myeloid,0,0.025920944
bag_001,bag_001_instance_019,0,T,0,0.019741701
bag_001,bag_001_instance_020,0,T,0,0.026051557
bag_001,bag_001_instance_021,0,B,0,0.02678699
bag_001,bag_001_instance_022,0,B,0,0.026124813
bag_001,bag_001_instance_023,0,myeloid,0,0.024827912
bag_001,bag_001_instance_024,0,myeloid,0,0.023108093
bag_001,bag_001_instance_025,0,B,0,0.023722157
bag_001,bag_001_instance_026,0,T,0,0.025807172
bag_001,bag_001_instance_027,0,B,0,0.0219014
bag_001,bag_001_instance_028,0,T,0,0.024047751
bag_001,bag_001_instance_029,0,myeloid,0,0.02999695
bag_001,bag_001_instance_030,0,T,0,0.02567094
bag_001,bag_001_instance_031,0,B,0,0.019414466
bag_001,bag_001_instance_032,0,B,0,0.027997846
bag_001,bag_001_instance_033,0,myeloid,0,0.024399634
bag_001,bag_001_instance_034,0,myeloid,0,0.020123418
bag_001,bag_001_instance_035,0,T,0,0.02728415
bag_001,bag_001_instance_036,0,T,0,0.028255353
bag_001,bag_001_instance_037,0,T,0,0.020361325
bag_001,bag_001_instance_038,0,T,0,0.022614636
bag_001,bag_001_instance_039,0,T,0,0.027796531
bag_002,bag_002_instance_000,1,B,0,0.023788953
bag_002,bag_002_instance_001,1,myeloid,1,0.024004722
bag_002,bag_002_instance_002,1,T,0,0.019861503
bag_002,bag_002_instance_003,1,B,0,0.024996603
bag_002,bag_002_instance_004,1,B,0,0.026437594
bag_002,bag_002_instance_005,1,T,0,0.024460856
bag_002,bag_002_instance_006,1,myeloid,0,0.02268382
bag_002,bag_002_instance_007,1,B,0,0.025727335
bag_002,bag_002_instance_008,1,myeloid,0,0.023001697
bag_002,bag_002_instance_009,1,B,0,0.02179829
bag_002,bag_002_instance_010,1,B,1,0.044665255
bag_002,bag_002_instance_011,1,myeloid,0,0.02293631
bag_002,bag_002_instance_012,1,T,0,0.020675484
bag_002,bag_002_instance_013,1,myeloid,0,0.023726255
bag_002,bag_002_instance_014,1,myeloid,1,0.03800653
bag_002,bag_002_instance_015,1,B,0,0.023887726
bag_002,bag_002_instance_016,1,myeloid,0,0.020181345
bag_002,bag_002_instance_017,1,T,0,0.026601313
bag_002,bag_002_instance_018,1,T,0,0.02464511
bag_002,bag_002_instance_019,1,T,0,0.022019329
bag_002,bag_002_instance_020,1,myeloid,1,0.039820332
bag_002,bag_002_instance_021,1,T,0,0.022087717
bag_002,bag_002_instance_022,1,T,0,0.017150322
bag_002,bag_002_instance_023,1,myeloid,0,0.022766767
bag_002,bag_002_instance_024,1,T,0,0.021970166
bag_002,bag_002_instance_025,1,myeloid,0,0.024292974
bag_002,bag_002_instance_026,1,B,0,0.022767866
bag_002,bag_002_instance_027,1,myeloid,0,0.022517888
bag_002,bag_002_instance_028,1,myeloid,0,0.022953995
bag_002,bag_002_instance_029,1,T,0,0.025171584
bag_002,bag_002_instance_030,1,myeloid,0,0.02224843
bag_002,bag_002_instance_031,1,myeloid,0,0.020625135
bag_002,bag_002_instance_032,1,T,0,0.020863134
bag_002,bag_002_instance_033,1,B,0,0.0341468
bag_002,bag_002_instance_034,1,myeloid,0,0.021445543
bag_002,bag_002_instance_035,1,myeloid,0,0.024026344
bag_002,bag_002_instance_036,1,myeloid,0,0.024385318
bag_002,bag_002_instance_037,1,T,1,0.043111973
bag_002,bag_002_instance_038,1,B,0,0.021838166
bag_002,bag_002_instance_039,1,B,0,0.021703487
bag_003,bag_003_instance_000,1,myeloid,0,0.023792665
bag_003,bag_003_instance_001,1,myeloid,0,0.021747584
bag_003,bag_003_instance_002,1,myeloid,0,0.021798654
bag_003,bag_003_instance_003,1,myeloid,0,0.022716885
bag_003,bag_003_instance_004,1,T,0,0.02454657
bag_003,bag_003_instance_005,1,myeloid,0,0.024126712
bag_003,bag_003_instance_006,1,T,0,0.022428887
bag_003,bag_003_instance_007,1,T,0,0.021509549
bag_003,bag_003_instance_008,1,B,0,0.021109663
bag_003,bag_003_instance_009,1,B,0,0.018053226
bag_003,bag_003_instance_010,1,B,0,0.021422243
bag_003,bag_003_instance_011,1,B,1,0.044071246
bag_003,bag_003_instance_012,1,myeloid,0,0.020996999
bag_003,bag_003_instance_013,1,myeloid,0,0.023147998
bag_003,bag_003_instance_014,1,myeloid,0,0.025659516
bag_003,bag_003_instance_015,1,myeloid,0,0.02635736
bag_003,bag_003_instance_016,1,B,0,0.018541256
bag_003,bag_003_instance_017,1,myeloid,0,0.02170552
bag_003,bag_003_instance_018,1,T,1,0.037706584
bag_003,bag_003_instance_019,1,myeloid,0,0.020602232
bag_003,bag_003_instance_020,1,T,0,0.024816953
bag_003,bag_003_instance_021,1,B,0,0.021284904
bag_003,bag_003_instance_022,1,myeloid,0,0.024272256
bag_003,bag_003_instance_023,1,B,1,0.05632417
bag_003,bag_003_instance_024,1,T,0,0.023882097
bag_003,bag_003_instance_025,1,T,1,0.040872492
bag_003,bag_003_instance_026,1,T,0,0.021036455
bag_003,bag_003_instance_027,1,T,0,0.019082876
bag_003,bag_003_instance_028,1,T,0,0.027918613
bag_003,bag_003_instance_029,1,myeloid,0,0.022596886
bag_003,bag_003_instance_030,1,T,0,0.024586387
bag_003,bag_003_instance_031,1,T,0,0.02281339
bag_003,bag_003_instance_032,1,T,0,0.021369923
bag_003,bag_003_instance_033,1,B,0,0.020982983
bag_003,bag_003_instance_034,1,myeloid,0,0.021219658
bag_003,bag_003_instance_035,1,myeloid,1,0.03677517
bag_003,bag_003_instance_036,1,myeloid,0,0.023049636
bag_003,bag_003_instance_037,1,T,0,0.01983947
bag_003,bag_003_instance_038,1,T,0,0.022808097
bag_003,bag_003_instance_039,1,myeloid,0,0.022426276
bag_004,bag_004_instance_000,0,T,0,0.022154488
bag_004,bag_004_instance_001,0,B,0,0.024510534
bag_004,bag_004_instance_002,0,myeloid,0,0.022347838
bag_004,bag_004_instance_003,0,B,0,0.021766432
bag_004,bag_004_instance_004,0,B,0,0.020487156
bag_004,bag_004_instance_005,0,T,0,0.026894905
bag_004,bag_004_instance_006,0,T,0,0.03412316
bag_004,bag_004_instance_007,0,myeloid,0,0.025132239
bag_004,bag_004_instance_008,0,T,0,0.029316293
bag_004,bag_004_instance_009,0,myeloid,0,0.027318634
bag_004,bag_004_instance_010,0,myeloid,0,0.022675315
bag_004,bag_004_instance_011,0,myeloid,0,0.023715131
bag_004,bag_004_instance_012,0,T,0,0.022237044
bag_004,bag_004_instance_013,0,B,0,0.02831869
bag_004,bag_004_instance_014,0,B,0,0.030400878
bag_004,bag_004_instance_015,0,myeloid,0,0.020971097
bag_004,bag_004_instance_016,0,myeloid,0,0.02641671
bag_004,bag_004_instance_017,0,B,0,0.025755275
bag_004,bag_004_instance_018,0,myeloid,0,0.022497367
bag_004,bag_004_instance_019,0,B,0,0.022243163
bag_004,bag_004_instance_020,0,B,0,0.028601179
bag_004,bag_004_instance_021,0,B,0,0.021966508
bag_004,bag_004_instance_022,0,myeloid,0,0.021888386
bag_004,bag_004_instance_023,0,T,0,0.020460408
bag_004,bag_004_instance_024,0,T,0,0.02848675
bag_004,bag_004_instance_025,0,B,0,0.032380663
bag_004,bag_004_instance_026,0,B,0,0.023341592
bag_004,bag_004_instance_027,0,myeloid,0,0.027748315
bag_004,bag_004_instance_028,0,T,0,0.023183472
bag_004,bag_004_instance_029,0,T,0,0.026849827
bag_004,bag_004_instance_030,0,myeloid,0,0.025590325
bag_004,bag_004_instance_031,0,myeloid,0,0.026739191
bag_004,bag_004_instance_032,0,B,0,0.02347574
bag_004,bag_004_instance_033,0,myeloid,0,0.02478125
bag_004,bag_004_instance_034,0,T,0,0.025731064
bag_004,bag_004_instance_035,0,B,0,0.025060216
bag_004,bag_004_instance_036,0,T,0,0.022361116
bag_004,bag_004_instance_037,0,myeloid,0,0.02744814
bag_004,bag_004_instance_038,0,B,0,0.023581997
bag_004,bag_004_instance_039,0,T,0,0.021041522
bag_005,bag_005_instance_000,0,myeloid,0,0.021962322
bag_005,bag_005_instance_001,0,myeloid,0,0.024382913
bag_005,bag_005_instance_002,0,myeloid,0,0.021031206
bag_005,bag_005_instance_003,0,myeloid,0,0.027920915
bag_005,bag_005_instance_004,0,T,0,0.02516975
bag_005,bag_005_instance_005,0,myeloid,0,0.023591077
bag_005,bag_005_instance_006,0,B,0,0.02739177
bag_005,bag_005_instance_007,0,T,0,0.024989128
bag_005,bag_005_instance_008,0,B,0,0.027577026
bag_005,bag_005_instance_009,0,T,0,0.028412966
bag_005,bag_005_instance_010,0,B,0,0.026554674
bag_005,bag_005_instance_011,0,T,0,0.02319185
bag_005,bag_005_instance_012,0,myeloid,0,0.021802714
bag_005,bag_005_instance_013,0,myeloid,0,0.023115495
bag_005,bag_005_instance_014,0,T,0,0.027614336
bag_005,bag_005_instance_015,0,myeloid,0,0.023548953
bag_005,bag_005_instance_016,0,T,0,0.02694699
bag_005,bag_005_instance_017,0,myeloid,0,0.027385509
bag_005,bag_005_instance_018,0,B,0,0.025886256
bag_005,bag_005_instance_019,0,T,0,0.02515797
bag_005,bag_005_instance_020,0,B,0,0.026212072
bag_005,bag_005_instance_021,0,T,0,0.029753624
bag_005,bag_005_instance_022,0,myeloid,0,0.02303369
bag_005,bag_005_instance_023,0,T,0,0.023509108
bag_005,bag_005_instance_024,0,myeloid,0,0.025219217
bag_005,bag_005_instance_025,0,T,0,0.027043456
bag_005,bag_005_instance_026,0,B,0,0.02217962
bag_005,bag_005_instance_027,0,T,0,0.02350927
bag_005,bag_005_instance_028,0,T,0,0.027993828
bag_005,bag_005_instance_029,0,myeloid,0,0.024749713
bag_005,bag_005_instance_030,0,B,0,0.01977188
bag_005,bag_005_instance_031,0,T,0,0.027704863
bag_005,bag_005_instance_032,0,myeloid,0,0.02259783
bag_005,bag_005_instance_033,0,myeloid,0,0.02802883
bag_005,bag_005_instance_034,0,T,0,0.023733675
bag_005,bag_005_instance_035,0,myeloid,0,0.023657287
bag_005,bag_005_instance_036,0,T,0,0.023501612
bag_005,bag_005_instance_037,0,B,0,0.02159416
bag_005,bag_005_instance_038,0,myeloid,0,0.026050579
bag_005,bag_005_instance_039,0,B,0,0.026521895
bag_006,bag_006_instance_000,1,myeloid,0,0.024475481
bag_006,bag_006_instance_001,1,myeloid,0,0.020765884
bag_006,bag_006_instance_002,1,myeloid,0,0.02480064
bag_006,bag_006_instance_003,1,myeloid,0,0.019794855
bag_006,bag_006_instance_004,1,myeloid,0,0.023165543
bag_006,bag_006_instance_005,1,myeloid,0,0.019576168
bag_006,bag_006_instance_006,1,T,0,0.021137659
bag_006,bag_006_instance_007,1,B,0,0.018896272
bag_006,bag_006_instance_008,1,B,0,0.025674058
bag_006,bag_006_instance_009,1,B,0,0.02687763
bag_006,bag_006_instance_010,1,T,0,0.02178666
bag_006,bag_006_instance_011,1,B,0,0.02408002
bag_006,bag_006_instance_012,1,B,0,0.023265459
bag_006,bag_006_instance_013,1,T,0,0.032409832
bag_006,bag_006_instance_014,1,myeloid,1,0.03923967
bag_006,bag_006_instance_015,1,T,0,0.023624077
bag_006,bag_006_instance_016,1,T,0,0.02328998
bag_006,bag_006_instance_017,1,B,0,0.019964455
bag_006,bag_006_instance_018,1,B,0,0.020282863
bag_006,bag_006_instance_019,1,T,0,0.022813866
bag_006,bag_006_instance_020,1,T,0,0.021824354
bag_006,bag_006_instance_021,1,myeloid,0,0.022488186
bag_006,bag_006_instance_022,1,B,1,0.034886956
bag_006,bag_006_instance_023,1,B,0,0.025791315
bag_006,bag_006_instance_024,1,B,0,0.01849563
bag_006,bag_006_instance_025,1,myeloid,1,0.035930973
bag_006,bag_006_instance_026,1,B,0,0.033720136
bag_006,bag_006_instance_027,1,B,0,0.01938335
bag_006,bag_006_instance_028,1,B,0,0.022641541
bag_006,bag_006_instance_029,1,myeloid,0,0.021130929
bag_006,bag_006_instance_030,1,myeloid,0,0.022834243
bag_006,bag_006_instance_031,1,myeloid,0,0.02045333
bag_006,bag_006_instance_032,1,B,1,0.049803518
bag_006,bag_006_instance_033,1,myeloid,0,0.027401704
bag_006,bag_006_instance_034,1,myeloid,0,0.022503983
bag_006,bag_006_instance_035,1,myeloid,0,0.02477874
bag_006,bag_006_instance_036,1,myeloid,0,0.018603673
bag_006,bag_006_instance_037,1,B,0,0.020237114
bag_006,bag_006_instance_038,1,T,0,0.020391487
bag_006,bag_006_instance_039,1,B,1,0.040777765
bag_007,bag_007_instance_000,0,B,0,0.022375887
bag_007,bag_007_instance_001,0,myeloid,0,0.024384366
bag_007,bag_007_instance_002,0,T,0,0.023231726
bag_007,bag_007_instance_003,0,T,0,0.029617984
bag_007,bag_007_instance_004,0,myeloid,0,0.025054289
bag_007,bag_007_instance_005,0,T,0,0.027676962
bag_007,bag_007_instance_006,0,T,0,0.029837405
bag_007,bag_007_instance_007,0,myeloid,0,0.026933355
bag_007,bag_007_instance_008,0,myeloid,0,0.022552576
bag_007,bag_007_instance_009,0,B,0,0.02152032
bag_007,bag_007_instance_010,0,myeloid,0,0.023829423
bag_007,bag_007_instance_011,0,myeloid,0,0.0250323
bag_007,bag_007_instance_012,0,myeloid,0,0.02803448
bag_007,bag_007_instance_013,0,myeloid,0,0.023718132
bag_007,bag_007_instance_014,0,B,0,0.02041046
bag_007,bag_007_instance_015,0,B,0,0.026625158
bag_007,bag_007_instance_016,0,T,0,0.026111145
bag_007,bag_007_instance_017,0,myeloid,0,0.023863528
bag_007,bag_007_instance_018,0,myeloid,0,0.02455393
bag_007,bag_007_instance_019,0,myeloid,0,0.024114365
bag_007,bag_007_instance_020,0,B,0,0.025954194
bag_007,bag_007_instance_021,0,myeloid,0,0.021221127
bag_007,bag_007_instance_022,0,B,0,0.03031083
bag_007,bag_007_instance_023,0,T,0,0.020683993
bag_007,bag_007_instance_024,0,T,0,0.030705268
bag_007,bag_007_instance_025,0,B,0,0.025094578
bag_007,bag_007_instance_026,0,myeloid,0,0.024117552
bag_007,bag_007_instance_027,0,myeloid,0,0.024411824
bag_007,bag_007_instance_028,0,B,0,0.020853395
bag_007,bag_007_instance_029,0,myeloid,0,0.028043358
bag_007,bag_007_instance_030,0,myeloid,0,0.022091797
bag_007,bag_007_instance_031,0,myeloid,0,0.025257874
bag_007,bag_007_instance_032,0,B,0,0.024146141
bag_007,bag_007_instance_033,0,T,0,0.022401469
bag_007,bag_007_instance_034,0,B,0,0.03010834
bag_007,bag_007_instance_035,0,myeloid,0,0.025301114
bag_007,bag_007_instance_036,0,T,0,0.031987987
bag_007,bag_007_instance_037,0,myeloid,0,0.02410265
bag_007,bag_007_instance_038,0,myeloid,0,0.02018108
bag_007,bag_007_instance_039,0,myeloid,0,0.023547584
bag_008,bag_008_instance_000,0,T,0,0.025130875
bag_008,bag_008_instance_001,0,T,0,0.024869502
bag_008,bag_008_instance_002,0,myeloid,0,0.029648697
bag_008,bag_008_instance_003,0,myeloid,0,0.021964047
bag_008,bag_008_instance_004,0,T,0,0.02582069
bag_008,bag_008_instance_005,0,T,0,0.027442558
bag_008,bag_008_instance_006,0,B,0,0.036885224
bag_008,bag_008_instance_007,0,myeloid,0,0.025911557
bag_008,bag_008_instance_008,0,myeloid,0,0.023612514
bag_008,bag_008_instance_009,0,T,0,0.024269981
bag_008,bag_008_instance_010,0,myeloid,0,0.023225896
bag_008,bag_008_instance_011,0,myeloid,0,0.027773533
bag_008,bag_008_instance_012,0,B,0,0.024538187
bag_008,bag_008_instance_013,0,B,0,0.023662267
bag_008,bag_008_instance_014,0,myeloid,0,0.025260562
bag_008,bag_008_instance_015,0,B,0,0.023423089
bag_008,bag_008_instance_016,0,T,0,0.025625179
bag_008,bag_008_instance_017,0,myeloid,0,0.021335557
bag_008,bag_008_instance_018,0,T,0,0.027374042
bag_008,bag_008_instance_019,0,T,0,0.02650633
bag_008,bag_008_instance_020,0,myeloid,0,0.026654014
bag_008,bag_008_instance_021,0,myeloid,0,0.02474313
bag_008,bag_008_instance_022,0,B,0,0.019531108
bag_008,bag_008_instance_023,0,T,0,0.024217026
bag_008,bag_008_instance_024,0,T,0,0.018568818
bag_008,bag_008_instance_025,0,myeloid,0,0.02197473
bag_008,bag_008_instance_026,0,myeloid,0,0.022640683
bag_008,bag_008_instance_027,0,T,0,0.027466621
bag_008,bag_008_instance_028,0,myeloid,0,0.025112469
bag_008,bag_008_instance_029,0,B,0,0.028002119
bag_008,bag_008_instance_030,0,B,0,0.023171298
bag_008,bag_008_instance_031,0,B,0,0.022376882
bag_008,bag_008_instance_032,0,myeloid,0,0.021811198
bag_008,bag_008_instance_033,0,myeloid,0,0.02890971
bag_008,bag_008_instance_034,0,B,0,0.02306554
bag_008,bag_008_instance_035,0,B,0,0.02989912
bag_008,bag_008_instance_036,0,T,0,0.025959685
bag_008,bag_008_instance_037,0,T,0,0.021643022
bag_008,bag_008_instance_038,0,B,0,0.024337336
bag_008,bag_008_instance_039,0,myeloid,0,0.025635177
bag_009,bag_009_instance_000,1,B,0,0.020423226
bag_009,bag_009_instance_001,1,T,0,0.024516692
bag_009,bag_009_instance_002,1,myeloid,0,0.022797573
bag_009,bag_009_instance_003,1,T,0,0.025607234
bag_009,bag_009_instance_004,1,B,0,0.02246236
bag_009,bag_009_instance_005,1,myeloid,0,0.020395596
bag_009,bag_009_instance_006,1,myeloid,0,0.020406222
bag_009,bag_009_instance_007,1,B,0,0.02009233
bag_009,bag_009_instance_008,1,myeloid,0,0.021268116
bag_009,bag_009_instance_009,1,B,0,0.023525374
bag_009,bag_009_instance_010,1,B,0,0.026838157
bag_009,bag_009_instance_011,1,B,0,0.030936522
bag_009,bag_009_instance_012,1,T,1,0.04557325
bag_009,bag_009_instance_013,1,T,0,0.022522936
bag_009,bag_009_instance_014,1,myeloid,0,0.021904195
bag_009,bag_009_instance_015,1,T,1,0.036682926
bag_009,bag_009_instance_016,1,T,0,0.019292144
bag_009,bag_009_instance_017,1,myeloid,0,0.021115782
bag_009,bag_009_instance_018,1,T,0,0.023243153
bag_009,bag_009_instance_019,1,T,1,0.049452327
bag_009,bag_009_instance_020,1,T,0,0.024336362
bag_009,bag_009_instance_021,1,B,0,0.025402874
bag_009,bag_009_instance_022,1,T,0,0.02131253
bag_009,bag_009_instance_023,1,myeloid,1,0.03951893
bag_009,bag_009_instance_024,1,B,0,0.023953749
bag_009,bag_009_instance_025,1,myeloid,0,0.022526607
bag_009,bag_009_instance_026,1,B,0,0.018907905
bag_009,bag_009_instance_027,1,B,0,0.02730682
bag_009,bag_009_instance_028,1,myeloid,0,0.019172821
bag_009,bag_009_instance_029,1,B,0,0.020238051
bag_009,bag_009_instance_030,1,T,1,0.035625085
bag_009,bag_009_instance_031,1,B,0,0.022038335
bag_009,bag_009_instance_032,1,myeloid,0,0.02429228
bag_009,bag_009_instance_033,1,T,0,0.020453658
bag_009,bag_009_instance_034,1,myeloid,0,0.021463495
bag_009,bag_009_instance_035,1,T,0,0.024784636
bag_009,bag_009_instance_036,1,myeloid,0,0.026472008
bag_009,bag_009_instance_037,1,myeloid,0,0.02291963
bag_009,bag_009_instance_038,1,B,0,0.021137156
bag_009,bag_009_instance_039,1,T,0,0.019080915
bag_010,bag_010_instance_000,1,myeloid,0,0.02108906
bag_010,bag_010_instance_001,1,myeloid,1,0.038193423
bag_010,bag_010_instance_002,1,T,0,0.021166049
bag_010,bag_010_instance_003,1,B,0,0.027477628
bag_010,bag_010_instance_004,1,myeloid,1,0.03933313
bag_010,bag_010_instance_005,1,myeloid,0,0.019396253
bag_010,bag_010_instance_006,1,myeloid,0,0.022920376
bag_010,bag_010_instance_007,1,T,0,0.02098745
bag_010,bag_010_instance_008,1,T,0,0.030834986
bag_010,bag_010_instance_009,1,T,0,0.018914387
bag_010,bag_010_instance_010,1,B,0,0.023958802
bag_010,bag_010_instance_011,1,B,0,0.022829324
bag_010,bag_010_instance_012,1,myeloid,0,0.023349788
bag_010,bag_010_instance_013,1,B,0,0.019570313
bag_010,bag_010_instance_014,1,myeloid,0,0.023195855
bag_010,bag_010_instance_015,1,myeloid,0,0.023840183
bag_010,bag_010_instance_016,1,T,0,0.020238504
bag_010,bag_010_instance_017,1,T,0,0.022273103
bag_010,bag_010_instance_018,1,myeloid,1,0.037596513
bag_010,bag_010_instance_019,1,T,0,0.028391795
bag_010,bag_010_instance_020,1,B,0,0.023396289
bag_010,bag_010_instance_021,1,T,0,0.025985718
bag_010,bag_010_instance_022,1,T,0,0.02199462
bag_010,bag_010_instance_023,1,myeloid,0,0.024833847
bag_010,bag_010_instance_024,1,B,0,0.023962539
bag_010,bag_010_instance_025,1,myeloid,1,0.028867336
bag_010,bag_010_instance_026,1,myeloid,0,0.018638192
bag_010,bag_010_instance_027,1,T,0,0.021202039
bag_010,bag_010_instance_028,1,T,0,0.02840521
bag_010,bag_010_instance_029,1,B,1,0.041080583
bag_010,bag_010_instance_030,1,T,0,0.024535218
bag_010,bag_010_instance_031,1,myeloid,0,0.023859771
bag_010,bag_010_instance_032,1,T,0,0.021303564
bag_010,bag_010_instance_033,1,B,0,0.025071297
bag_010,bag_010_instance_034,1,myeloid,0,0.021449136
bag_010,bag_010_instance_035,1,B,0,0.028608564
bag_010,bag_010_instance_036,1,myeloid,0,0.023212772
bag_010,bag_010_instance_037,1,myeloid,0,0.022275029
bag_010,bag_010_instance_038,1,T,0,0.024633653
bag_010,bag_010_instance_039,1,T,0,0.02112765
bag_011,bag_011_instance_000,0,T,0,0.023885487
bag_011,bag_011_instance_001,0,myeloid,0,0.023854459
bag_011,bag_011_instance_002,0,T,0,0.03588196
bag_011,bag_011_instance_003,0,myeloid,0,0.022565054
bag_011,bag_011_instance_004,0,myeloid,0,0.023158124
bag_011,bag_011_instance_005,0,myeloid,0,0.024571085
bag_011,bag_011_instance_006,0,T,0,0.018344216
bag_011,bag_011_instance_007,0,myeloid,0,0.024657598
bag_011,bag_011_instance_008,0,B,0,0.025293617
bag_011,bag_011_instance_009,0,myeloid,0,0.02774471
bag_011,bag_011_instance_010,0,B,0,0.02975794
bag_011,bag_011_instance_011,0,B,0,0.02203024
bag_011,bag_011_instance_012,0,myeloid,0,0.025546625
bag_011,bag_011_instance_013,0,myeloid,0,0.02347832
bag_011,bag_011_instance_014,0,myeloid,0,0.024412585
bag_011,bag_011_instance_015,0,T,0,0.0263332
bag_011,bag_011_instance_016,0,myeloid,0,0.025957623
bag_011,bag_011_instance_017,0,myeloid,0,0.026074437
bag_011,bag_011_instance_018,0,B,0,0.018964313
bag_011,bag_011_instance_019,0,T,0,0.026773727
bag_011,bag_011_instance_020,0,T,0,0.026273299
bag_011,bag_011_instance_021,0,B,0,0.021154458
bag_011,bag_011_instance_022,0,T,0,0.023256116
bag_011,bag_011_instance_023,0,myeloid,0,0.02540362
bag_011,bag_011_instance_024,0,T,0,0.026111372
bag_011,bag_011_instance_025,0,T,0,0.023496188
bag_011,bag_011_instance_026,0,myeloid,0,0.025319554
bag_011,bag_011_instance_027,0,T,0,0.021811148
bag_011,bag_011_instance_028,0,T,0,0.02953693
bag_011,bag_011_instance_029,0,T,0,0.023104925
bag_011,bag_011_instance_030,0,B,0,0.01991162
bag_011,bag_011_instance_031,0,B,0,0.029377734
bag_011,bag_011_instance_032,0,myeloid,0,0.024713743
bag_011,bag_011_instance_033,0,B,0,0.026971474
bag_011,bag_011_instance_034,0,myeloid,0,0.023488455
bag_011,bag_011_instance_035,0,B,0,0.02143801
bag_011,bag_011_instance_036,0,myeloid,0,0.027134363
bag_011,bag_011_instance_037,0,B,0,0.028357953
bag_011,bag_011_instance_038,0,B,0,0.029339306
bag_011,bag_011_instance_039,0,T,0,0.024514383
bag_012,bag_012_instance_000,1,myeloid,0,0.020161351
bag_012,bag_012_instance_001,1,myeloid,0,0.02317767
bag_012,bag_012_instance_002,1,T,0,0.02478974
bag_012,bag_012_instance_003,1,B,0,0.022652822
bag_012,bag_012_instance_004,1,B,0,0.021852175
bag_012,bag_012_instance_005,1,myeloid,0,0.025166394
bag_012,bag_012_instance_006,1,myeloid,1,0.031863585
bag_012,bag_012_instance_007,1,B,0,0.024065986
bag_012,bag_012_instance_008,1,B,0,0.018459732
bag_012,bag_012_instance_009,1,myeloid,0,0.022846347
bag_012,bag_012_instance_010,1,myeloid,0,0.024914972
bag_012,bag_012_instance_011,1,T,0,0.022014713
bag_012,bag_012_instance_012,1,myeloid,0,0.022517463
bag_012,bag_012_instance_013,1,T,0,0.021759974
bag_012,bag_012_instance_014,1,B,0,0.025207564
bag_012,bag_012_instance_015,1,myeloid,0,0.026221959
bag_012,bag_012_instance_016,1,T,1,0.031310573
bag_012,bag_012_instance_017,1,T,0,0.022325361
bag_012,bag_012_instance_018,1,B,0,0.027479487
bag_012,bag_012_instance_019,1,B,0,0.020646574
bag_012,bag_012_instance_020,1,B,0,0.025679855
bag_012,bag_012_instance_021,1,myeloid,0,0.025125615
bag_012,bag_012_instance_022,1,myeloid,0,0.023898594
bag_012,bag_012_instance_023,1,B,0,0.030561017
bag_012,bag_012_instance_024,1,myeloid,0,0.02238532
bag_012,bag_012_instance_025,1,T,0,0.018122757
bag_012,bag_012_instance_026,1,T,1,0.027668377
bag_012,bag_012_instance_027,1,B,1,0.044786386
bag_012,bag_012_instance_028,1,myeloid,0,0.022757836
bag_012,bag_012_instance_029,1,myeloid,0,0.024019582
bag_012,bag_012_instance_030,1,B,0,0.026049161
bag_012,bag_012_instance_031,1,T,1,0.038073994
bag_012,bag_012_instance_032,1,myeloid,0,0.022949606
bag_012,bag_012_instance_033,1,myeloid,0,0.022835078
bag_012,bag_012_instance_034,1,T,0,0.024981437
bag_012,bag_012_instance_035,1,B,0,0.02961222
bag_012,bag_012_instance_036,1,T,0,0.027468458
bag_012,bag_012_instance_037,1,B,0,0.018371172
bag_012,bag_012_instance_038,1,B,0,0.022422984
bag_012,bag_012_instance_039,1,T,0,0.022796059
bag_013,bag_013_instance_000,1,myeloid,0,0.023237519
bag_013,bag_013_instance_001,1,B,1,0.04110637
bag_013,bag_013_instance_002,1,B,0,0.020500854
bag_013,bag_013_instance_003,1,myeloid,0,0.0220323
bag_013,bag_013_instance_004,1,myeloid,0,0.019999234
bag_013,bag_013_instance_005,1,myeloid,0,0.023219824
bag_013,bag_013_instance_006,1,B,0,0.0213135
bag_013,bag_013_instance_007,1,T,0,0.022337375
bag_013,bag_013_instance_008,1,T,0,0.02591202
bag_013,bag_013_instance_009,1,B,1,0.042710315
bag_013,bag_013_instance_010,1,B,0,0.020838294
bag_013,bag_013_instance_011,1,T,0,0.021231266
bag_013,bag_013_instance_012,1,B,0,0.030209146
bag_013,bag_013_instance_013,1,myeloid,0,0.020492347
bag_013,bag_013_instance_014,1,myeloid,0,0.023120224
bag_013,bag_013_instance_015,1,myeloid,0,0.024854897
bag_013,bag_013_instance_016,1,B,0,0.025331343
bag_013,bag_013_instance_017,1,T,0,0.021252723
bag_013,bag_013_instance_018,1,myeloid,0,0.021526117
bag_013,bag_013_instance_019,1,myeloid,1,0.03424883
bag_013,bag_013_instance_020,1,B,0,0.025777984
bag_013,bag_013_instance_021,1,T,0,0.022483326
bag_013,bag_013_instance_022,1,myeloid,0,0.021666506
bag_013,bag_013_instance_023,1,T,0,0.02070489
bag_013,bag_013_instance_024,1,myeloid,0,0.022621566
bag_013,bag_013_instance_025,1,myeloid,0,0.019959003
bag_013,bag_013_instance_026,1,T,1,0.038827676
bag_013,bag_013_instance_027,1,B,0,0.021199495
bag_013,bag_013_instance_028,1,B,0,0.023552528
bag_013,bag_013_instance_029,1,myeloid,0,0.020703739
bag_013,bag_013_instance_030,1,myeloid,0,0.023841137
bag_013,bag_013_instance_031,1,T,0,0.020278154
bag_013,bag_013_instance_032,1,myeloid,0,0.026789825
bag_013,bag_013_instance_033,1,B,0,0.029656287
bag_013,bag_013_instance_034,1,myeloid,0,0.022714233
bag_013,bag_013_instance_035,1,T,0,0.026281578
bag_013,bag_013_instance_036,1,T,0,0.024785006
bag_013,bag_013_instance_037,1,myeloid,1,0.03543043
bag_013,bag_013_instance_038,1,myeloid,0,0.02348658
bag_013,bag_013_instance_039,1,T,0,0.023765506
bag_014,bag_014_instance_000,0,B,0,0.02659666
bag_014,bag_014_instance_001,0,myeloid,0,0.028121812
bag_014,bag_014_instance_002,0,B,0,0.025572171
bag_014,bag_014_instance_003,0,myeloid,0,0.025507493
bag_014,bag_014_instance_004,0,B,0,0.028639777
bag_014,bag_014_instance_005,0,B,0,0.030124683
bag_014,bag_014_instance_006,0,T,0,0.0259617
bag_014,bag_014_instance_007,0,T,0,0.023513284
bag_014,bag_014_instance_008,0,myeloid,0,0.021227544
bag_014,bag_014_instance_009,0,B,0,0.02337758
bag_014,bag_014_instance_010,0,myeloid,0,0.023688935
bag_014,bag_014_instance_011,0,T,0,0.025643846
bag_014,bag_014_instance_012,0,T,0,0.026757453
bag_014,bag_014_instance_013,0,B,0,0.026619239
bag_014,bag_014_instance_014,0,T,0,0.027373604
bag_014,bag_014_instance_015,0,myeloid,0,0.025681514
bag_014,bag_014_instance_016,0,T,0,0.026426883
bag_014,bag_014_instance_017,0,B,0,0.023762006
bag_014,bag_014_instance_018,0,B,0,0.026322737
bag_014,bag_014_instance_019,0,myeloid,0,0.023896797
bag_014,bag_014_instance_020,0,myeloid,0,0.021955049
bag_014,bag_014_instance_021,0,B,0,0.028798716
bag_014,bag_014_instance_022,0,B,0,0.027903413
bag_014,bag_014_instance_023,0,T,0,0.026403872
bag_014,bag_014_instance_024,0,myeloid,0,0.027812794
bag_014,bag_014_instance_025,0,T,0,0.01807078
bag_014,bag_014_instance_026,0,T,0,0.026776824
bag_014,bag_014_instance_027,0,T,0,0.02226245
bag_014,bag_014_instance_028,0,T,0,0.026224278
bag_014,bag_014_instance_029,0,B,0,0.017982543
bag_014,bag_014_instance_030,0,B,0,0.018927092
bag_014,bag_014_instance_031,0,myeloid,0,0.023247208
bag_014,bag_014_instance_032,0,B,0,0.021078411
bag_014,bag_014_instance_033,0,T,0,0.021626573
bag_014,bag_014_instance_034,0,B,0,0.021990946
bag_014,bag_014_instance_035,0,B,0,0.031541392
bag_014,bag_014_instance_036,0,myeloid,0,0.022317013
bag_014,bag_014_instance_037,0,B,0,0.02724171
bag_014,bag_014_instance_038,0,myeloid,0,0.02527231
bag_014,bag_014_instance_039,0,T,0,0.027750978
bag_015,bag_015_instance_000,0,B,0,0.022559103
bag_015,bag_015_instance_001,0,B,0,0.028594632
bag_015,bag_015_instance_002,0,B,0,0.025479984
bag_015,bag_015_instance_003,0,myeloid,0,0.023705773
bag_015,bag_015_instance_004,0,B,0,0.029378625
bag_015,bag_015_instance_005,0,T,0,0.02203023
bag_015,bag_015_instance_006,0,myeloid,0,0.030700345
bag_015,bag_015_instance_007,0,T,0,0.025773121
bag_015,bag_015_instance_008,0,myeloid,0,0.022061639
bag_015,bag_015_instance_009,0,T,0,0.02214266
bag_015,bag_015_instance_010,0,B,0,0.022669682
bag_015,bag_015_instance_011,0,T,0,0.02670077
bag_015,bag_015_instance_012,0,T,0,0.023976423
bag_015,bag_015_instance_013,0,T,0,0.02376182
bag_015,bag_015_instance_014,0,B,0,0.023319738
bag_015,bag_015_instance_015,0,B,0,0.025324801
bag_015,bag_015_instance_016,0,myeloid,0,0.0250164
bag_015,bag_015_instance_017,0,B,0,0.025120523
bag_015,bag_015_instance_018,0,myeloid,0,0.02296763
bag_015,bag_015_instance_019,0,T,0,0.023226682
bag_015,bag_015_instance_020,0,T,0,0.02265391
bag_015,bag_015_instance_021,0,B,0,0.025912309
bag_015,bag_015_instance_022,0,T,0,0.024810992
bag_015,bag_015_instance_023,0,T,0,0.024886401
bag_015,bag_015_instance_024,0,T,0,0.026691439
bag_015,bag_015_instance_025,0,B,0,0.020743998
bag_015,bag_015_instance_026,0,B,0,0.027371977
bag_015,bag_015_instance_027,0,T,0,0.031540174
bag_015,bag_015_instance_028,0,B,0,0.024326082
bag_015,bag_015_instance_029,0,B,0,0.027922906
bag_015,bag_015_instance_030,0,T,0,0.025917891
bag_015,bag_015_instance_031,0,myeloid,0,0.025329852
bag_015,bag_015_instance_032,0,T,0,0.024011848
bag_015,bag_015_instance_033,0,B,0,0.023119185
bag_015,bag_015_instance_034,0,myeloid,0,0.020289704
bag_015,bag_015_instance_035,0,B,0,0.025005957
bag_015,bag_015_instance_036,0,T,0,0.028005715
bag_015,bag_015_instance_037,0,B,0,0.026027689
bag_015,bag_015_instance_038,0,myeloid,0,0.026478605
bag_015,bag_015_instance_039,0,myeloid,0,0.024442835
bag_016,bag_016_instance_000,0,B,0,0.021199288
bag_016,bag_016_instance_001,0,B,0,0.022202272
bag_016,bag_016_instance_002,0,myeloid,0,0.022603815
bag_016,bag_016_instance_003,0,B,0,0.0235502
bag_016,bag_016_instance_004,0,myeloid,0,0.030191196
bag_016,bag_016_instance_005,0,B,0,0.022852613
bag_016,bag_016_instance_006,0,myeloid,0,0.020559913
bag_016,bag_016_instance_007,0,B,0,0.028783994
bag_016,bag_016_instance_008,0,T,0,0.02635877
bag_016,bag_016_instance_009,0,B,0,0.02604215
bag_016,bag_016_instance_010,0,T,0,0.024075933
bag_016,bag_016_instance_011,0,myeloid,0,0.021963865
bag_016,bag_016_instance_012,0,T,0,0.029216317
bag_016,bag_016_instance_013,0,B,0,0.019501107
bag_016,bag_016_instance_014,0,B,0,0.020207856
bag_016,bag_016_instance_015,0,T,0,0.022653578
bag_016,bag_016_instance_016,0,myeloid,0,0.024167852
bag_016,bag_016_instance_017,0,myeloid,0,0.025912156
bag_016,bag_016_instance_018,0,T,0,0.022055406
bag_016,bag_016_instance_019,0,T,0,0.028928647
bag_016,bag_016_instance_020,0,B,0,0.029963532
bag_016,bag_016_instance_021,0,B,0,0.028710347
bag_016,bag_016_instance_022,0,myeloid,0,0.025267448
bag_016,bag_016_instance_023,0,B,0,0.028189829
bag_016,bag_016_instance_024,0,T,0,0.029312007
bag_016,bag_016_instance_025,0,B,0,0.023915008
bag_016,bag_016_instance_026,0,myeloid,0,0.02271437
bag_016,bag_016_instance_027,0,myeloid,0,0.024934418
bag_016,bag_016_instance_028,0,myeloid,0,0.024559427
bag_016,bag_016_instance_029,0,T,0,0.028743513
bag_016,bag_016_instance_030,0,T,0,0.026572973
bag_016,bag_016_instance_031,0,T,0,0.028842926
bag_016,bag_016_instance_032,0,myeloid,0,0.021334821
bag_016,bag_016_instance_033,0,B,0,0.02474527
bag_016,bag_016_instance_034,0,B,0,0.021467552
bag_016,bag_016_instance_035,0,T,0,0.02796752
bag_016,bag_016_instance_036,0,B,0,0.023242066
bag_016,bag_016_instance_037,0,T,0,0.019289598
bag_016,bag_016_instance_038,0,T,0,0.027621042
bag_016,bag_016_instance_039,0,B,0,0.02957939
bag_017,bag_017_instance_000,1,T,0,0.022014113
bag_017,bag_017_instance_001,1,B,0,0.022388488
bag_017,bag_017_instance_002,1,B,0,0.027587729
bag_017,bag_017_instance_003,1,T,1,0.04092345
bag_017,bag_017_instance_004,1,B,0,0.022332227
bag_017,bag_017_instance_005,1,myeloid,0,0.024438675
bag_017,bag_017_instance_006,1,B,1,0.043122217
bag_017,bag_017_instance_007,1,T,0,0.02331118
bag_017,bag_017_instance_008,1,T,0,0.0190312
bag_017,bag_017_instance_009,1,B,0,0.019139562
bag_017,bag_017_instance_010,1,T,0,0.019034307
bag_017,bag_017_instance_011,1,myeloid,0,0.021512814
bag_017,bag_017_instance_012,1,T,0,0.02286919
bag_017,bag_017_instance_013,1,T,0,0.02388848
bag_017,bag_017_instance_014,1,B,0,0.02170493
bag_017,bag_017_instance_015,1,T,0,0.02502856
bag_017,bag_017_instance_016,1,T,0,0.021323599
bag_017,bag_017_instance_017,1,B,0,0.027904792
bag_017,bag_017_instance_018,1,T,1,0.03520596
bag_017,bag_017_instance_019,1,myeloid,0,0.022375733
bag_017,bag_017_instance_020,1,T,0,0.023908323
bag_017,bag_017_instance_021,1,B,0,0.023203643
bag_017,bag_017_instance_022,1,myeloid,1,0.036322027
bag_017,bag_017_instance_023,1,T,0,0.023900662
bag_017,bag_017_instance_024,1,B,0,0.02209
bag_017,bag_017_instance_025,1,T,0,0.022809464
bag_017,bag_017_instance_026,1,T,0,0.022614976
bag_017,bag_017_instance_027,1,B,0,0.022187125
bag_017,bag_017_instance_028,1,B,1,0.043118346
bag_017,bag_017_instance_029,1,myeloid,0,0.021721931
bag_017,bag_017_instance_030,1,myeloid,0,0.023083298
bag_017,bag_017_instance_031,1,myeloid,0,0.020811973
bag_017,bag_017_instance_032,1,B,0,0.022232981
bag_017,bag_017_instance_033,1,T,0,0.0239029
bag_017,bag_017_instance_034,1,myeloid,0,0.021281343
bag_017,bag_017_instance_035,1,B,0,0.020850053
bag_017,bag_017_instance_036,1,B,0,0.032137457
bag_017,bag_017_instance_037,1,T,0,0.022524742
bag_017,bag_017_instance_038,1,myeloid,0,0.02572826
bag_017,bag_017_instance_039,1,T,0,0.020433323
bag_018,bag_018_instance_000,1,myeloid,0,0.022138804
bag_018,bag_018_instance_001,1,B,1,0.034729943
bag_018,bag_018_instance_002,1,B,0,0.028052256
bag_018,bag_018_instance_003,1,B,0,0.0253175
bag_018,bag_018_instance_004,1,myeloid,0,0.022557905
bag_018,bag_018_instance_005,1,B,0,0.020935288
bag_018,bag_018_instance_006,1,myeloid,0,0.025745869
bag_018,bag_018_instance_007,1,B,1,0.040669058
bag_018,bag_018_instance_008,1,T,0,0.022696856
bag_018,bag_018_instance_009,1,myeloid,0,0.023020448
bag_018,bag_018_instance_010,1,B,0,0.01963998
bag_018,bag_018_instance_011,1,B,1,0.040237747
bag_018,bag_018_instance_012,1,B,0,0.020077981
bag_018,bag_018_instance_013,1,myeloid,0,0.02302464
bag_018,bag_018_instance_014,1,T,0,0.02348645
bag_018,bag_018_instance_015,1,T,0,0.023755694
bag_018,bag_018_instance_016,1,myeloid,0,0.026815645
bag_018,bag_018_instance_017,1,B,0,0.02368519
bag_018,bag_018_instance_018,1,myeloid,0,0.023631472
bag_018,bag_018_instance_019,1,B,0,0.025830459
bag_018,bag_018_instance_020,1,B,0,0.020284183
bag_018,bag_018_instance_021,1,myeloid,0,0.025201399
bag_018,bag_018_instance_022,1,myeloid,1,0.03207479
bag_018,bag_018_instance_023,1,B,0,0.02220407
bag_018,bag_018_instance_024,1,B,0,0.021626018
bag_018,bag_018_instance_025,1,T,0,0.01941116
bag_018,bag_018_instance_026,1,myeloid,0,0.021650638
bag_018,bag_018_instance_027,1,T,0,0.026339086
bag_018,bag_018_instance_028,1,B,0,0.019583937
bag_018,bag_018_instance_029,1,B,1,0.040897753
bag_018,bag_018_instance_030,1,B,0,0.022235144
bag_018,bag_018_instance_031,1,T,0,0.024222847
bag_018,bag_018_instance_032,1,T,0,0.025612397
bag_018,bag_018_instance_033,1,myeloid,0,0.021346355
bag_018,bag_018_instance_034,1,myeloid,0,0.023216117
bag_018,bag_018_instance_035,1,B,0,0.033953372
bag_018,bag_018_instance_036,1,T,0,0.018437559
bag_018,bag_018_instance_037,1,B,0,0.018945169
bag_018,bag_018_instance_038,1,T,0,0.022725802
bag_018,bag_018_instance_039,1,T,0,0.023982987
bag_019,bag_019_instance_000,0,myeloid,0,0.025593108
bag_019,bag_019_instance_001,0,T,0,0.027627422
bag_019,bag_019_instance_002,0,myeloid,0,0.022985598
bag_019,bag_019_instance_003,0,T,0,0.032672066
bag_019,bag_019_instance_004,0,T,0,0.022792548
bag_019,bag_019_instance_005,0,B,0,0.028578237
bag_019,bag_019_instance_006,0,T,0,0.019840159
bag_019,bag_019_instance_007,0,myeloid,0,0.023164583
bag_019,bag_019_instance_008,0,myeloid,0,0.020556452
bag_019,bag_019_instance_009,0,T,0,0.026794443
bag_019,bag_019_instance_010,0,T,0,0.025535548
bag_019,bag_019_instance_011,0,B,0,0.025485927
bag_019,bag_019_instance_012,0,B,0,0.02424515
bag_019,bag_019_instance_013,0,T,0,0.026333611
bag_019,bag_019_instance_014,0,myeloid,0,0.02237282
bag_019,bag_019_instance_015,0,myeloid,0,0.025252637
bag_019,bag_019_instance_016,0,myeloid,0,0.0220148
bag_019,bag_019_instance_017,0,myeloid,0,0.02428002
bag_019,bag_019_instance_018,0,T,0,0.021771666
bag_019,bag_019_instance_019,0,B,0,0.027448662
bag_019,bag_019_instance_020,0,myeloid,0,0.026953954
bag_019,bag_019_instance_021,0,myeloid,0,0.023948858
bag_019,bag_019_instance_022,0,T,0,0.029239127
bag_019,bag_019_instance_023,0,T,0,0.028533882
bag_019,bag_019_instance_024,0,T,0,0.022763198
bag_019,bag_019_instance_025,0,B,0,0.026700936
bag_019,bag_019_instance_026,0,B,0,0.022849286
bag_019,bag_019_instance_027,0,B,0,0.02382372
bag_019,bag_019_instance_028,0,T,0,0.024747701
bag_019,bag_019_instance_029,0,B,0,0.026208118
bag_019,bag_019_instance_030,0,myeloid,0,0.026248252
bag_019,bag_019_instance_031,0,B,0,0.022419807
bag_019,bag_019_instance_032,0,myeloid,0,0.02579057
bag_019,bag_019_instance_033,0,myeloid,0,0.024401683
bag_019,bag_019_instance_034,0,myeloid,0,0.021417584
bag_019,bag_019_instance_035,0,B,0,0.016642956
bag_019,bag_019_instance_036,0,T,0,0.0315053
bag_019,bag_019_instance_037,0,T,0,0.025436858
bag_019,bag_019_instance_038,0,T,0,0.024289925
bag_019,bag_019_instance_039,0,B,0,0.03073287
